name,category,description
NCM Battery,Chemistry,"NCM Battery is a lithium-ion chemistry using nickel, cobalt, and manganese as cathode materials. It offers high energy density, good thermal stability, and balanced cost-performance. Advantages include long cycle life, high power output, and scalability. Applications span electric vehicles, consumer electronics, energy storage systems, and industrial equipment. Widely adopted for its reliability and efficiency in demanding environments."
LFP Battery,Chemistry,"LFP Battery (Lithium Iron Phosphate) is a lithium-ion chemistry battery using lithium iron phosphate as the cathode. It offers high thermal stability, long cycle life (over 2000 cycles), and excellent safety due to reduced risk of thermal runaway. Its moderate energy density suits applications like electric vehicles, energy storage systems, and industrial equipment. Environmentally friendly, as iron and phosphate are abundant and non-toxic. Ideal for applications requiring reliability and durability."
NCA Battery,Chemistry,"NCA Battery (Nickel-Cobalt-Aluminum) is a lithium-ion chemistry with a cathode composed of nickel, cobalt, and aluminum. It offers high energy density, excellent thermal stability, and longer cycle life compared to other lithium-ion chemistries. Advantages include superior power output and efficiency. Applications span high-performance electric vehicles (e.g., Tesla), aerospace, and energy storage systems, where compact, reliable energy sources are critical."
LMFP Battery,Chemistry,"LMFP (Lithium-Manganese Ferroperovskite) is a cathode material for lithium-ion batteries, combining lithium, manganese, and iron"
High-Nickel Cathode,Material,"High-Nickel Cathode is a lithium-ion battery material with a nickel-rich composition (e.g., NMC or NCA). It enhances energy density,"
Silicon Anode,Material,"Silicon anode is a battery material replacing graphite in lithium-ion batteries. It offers significantly higher energy density due to silicon's ability to store more lithium ions. Advantages include longer battery life and improved power output. Applications span electric vehicles, portable electronics, and energy storage systems. Challenges include structural degradation during cycling, requiring advanced coatings or composite designs to enhance stability and longevity."
Lithium Metal Anode,Material,"Lithium metal anode is a battery material using lithium metal instead of graphite. It offers higher energy density and lighter weight, enabling longer battery life and compact designs. Advantages include superior theoretical capacity and potential for high-power applications. Applications span electric vehicles, portable electronics, and energy storage systems. However, challenges like dendrite formation and stability issues require advanced electrolyte and coating technologies for practical implementation."
Sulfide-based Solid State,NextGen,"Sulfide-based solid-state batteries use a solid sulfide electrolyte instead of liquid, enabling higher energy density and improved safety. They offer enhanced thermal stability, longer cycle life, and reduced risk of overheating or fire. Applications include"
Oxide-based Solid State,NextGen,Oxide-based solid-state batteries use
Polymer-based Solid State,NextGen,"Polymer-based Solid State batteries use solid polymer electrolytes instead of liquid electrolytes, enabling higher energy density and improved safety. They offer longer cycle life, faster charging, and reduced thermal runaway risks. Advantages include enhanced stability, lightweight design, and compatibility with high-energy materials. Applications span electric vehicles, portable electronics, and grid storage. This technology addresses limitations of lithium-ion batteries, advancing next-gen energy storage solutions."
Dry Coating Process,Process,
4680 Cylindrical Cell,Form Factor,"The 4680 cylindrical cell is a large-format lithium-ion battery with a 46mm diameter and 80mm height. It offers higher energy density, reduced internal resistance, and improved thermal management compared to smaller cells. Its design enables longer range and faster charging in electric vehicles. Advantages include scalable manufacturing, lower costs, and enhanced safety. Applications span EVs, energy storage, and industrial equipment,"
Prismatic Cell,Form Factor,"Prismatic cells are rectangular lithium-ion battery cells designed for compact, high-energy storage. Their flat shape optimizes space in battery packs, improving energy density and thermal management. Advantages include efficient use of internal volume, enhanced safety, and scalability. Applications span electric vehicles, consumer electronics, and energy storage systems. They are favored for their structural stability and compatibility with modular designs."
Pouch Cell,Form Factor,"A pouch cell is a lithium-ion battery with flexible polymer packaging instead of rigid metal casings. It offers high energy density, lightweight design, and customizable shapes, enabling compact integration. Advantages include reduced material usage, lower costs, and better thermal management. Applications span portable electronics, electric vehicles, and wearable devices, where space efficiency and design flexibility are critical. Pouch cells are ideal for applications requiring thin, lightweight power sources."
Blade Battery,Form Factor,"Blade Battery is a flat, compact lithium-ion battery form factor developed by BYD. Its blade-like design optimizes space utilization, enabling higher energy density and improved thermal management. Advantages include lightweight construction, enhanced safety, and efficient integration into vehicle chassis. Applications span electric vehicles (EVs), particularly SUVs and buses, where compact design and performance are critical. It supports longer ranges and faster charging, making it ideal for commercial and consumer EV markets."
CTP (Cell to Pack),Packaging,"CTP (Cell to Pack) is a battery packaging technology that integrates individual cells directly into a pack, eliminating intermediate modules. This reduces component count, space, and weight while improving energy density and thermal efficiency. Advantages include higher energy density, lower costs, and simplified manufacturing. Applications span electric vehicles, energy storage systems, and high-power electronics, offering enhanced performance and scalability for next-gen battery solutions."
CTC (Cell to Chassis),Packaging,
BMS (Battery Management System),Software,"BMS (Battery Management System) is software that monitors, controls, and protects battery packs by managing charge/discharge cycles, temperature, and voltage. It ensures safety, efficiency, and longevity. Advantages include preventing overcharging, overheating, and deep discharges, while extending battery life. Applications span electric vehicles, consumer electronics, renewable energy storage, and industrial equipment. It optimizes performance and enhances reliability in critical systems."
Thermal Management System,Hardware,"A Thermal Management System (TMS) is hardware designed to regulate heat dissipation in electronic devices. It uses components like heat sinks, cooling fans, or phase-change materials to maintain optimal operating temperatures. Advantages include enhanced performance, prolonged lifespan, and energy efficiency by preventing overheating. Applications span laptops, data centers, electric vehicles, and consumer electronics, ensuring reliable operation under varying thermal conditions."
Wireless BMS,Software,"Wireless BMS is a software system that manages battery packs via wireless communication, eliminating physical wiring. It enables real-time monitoring, balancing, and health tracking. Advantages include reduced weight, simplified installation, scalability, and enhanced safety by minimizing cable-related risks. Applications span electric vehicles, renewable energy storage, and portable electronics, offering flexible, cost-effective battery management for diverse industries."
Sodium-Ion Battery,NextGen,"Sodium-ion batteries use sodium instead of lithium, offering lower cost and higher safety due to sodium's non-flammable nature. They leverage abundant, low-cost materials, making them sustainable and scalable. Advantages include reduced reliance on critical minerals and improved thermal stability. Applications span renewable energy storage, electric vehicles, and grid-scale systems, ideal for cost-sensitive and large-scale energy solutions."
Lithium-Sulfur Battery,NextGen,"Lithium-sulfur batteries use lithium and sulfur as electrodes, offering high energy density and low cost. They leverage sulfur's abundance and non-toxicity, reducing reliance on rare materials. Advantages include longer lifespan, higher energy storage capacity, and environmental benefits. Applications span electric vehicles, renewable energy storage, and portable electronics. However, challenges like sulfur dissolution and cycle stability require ongoing research for commercial viability."
Battery Recycling,Service,"Battery Recycling is a service that recovers valuable materials from used batteries, such as lithium, cobalt, and nickel, for reuse in new products. It reduces waste, conserves resources, and minimizes environmental harm from hazardous materials. Advantages include sustainable resource management, lower production costs, and reduced reliance on raw material extraction. Applications span electric vehicles, consumer electronics, and energy storage systems, supporting circular economy goals by extending battery life cycles and decreasing landfill waste."
Hydrometallurgy,Process,"Hydrometallurgy is a process using aqueous solutions to extract and purify metals from ores or recycled materials. It involves leaching, precipitation, and solvent extraction. Advantages include lower energy use, suitability for low-grade ores, and reduced environmental impact compared to pyrometallurgy. Applications span mining (copper, nickel, uranium) and recycling of electronic waste, enabling efficient metal recovery and sustainable resource management."
Direct Recycling,Process,"Direct Recycling is a process to recover valuable materials from spent batteries by physically separating components like lithium, cobalt, and nickel without fully disassembling the battery. It avoids energy-intensive chemical processes, reducing environmental impact and costs. Advantages include higher material purity, lower energy use, and reduced waste. Applications include recycling lithium-ion batteries from EVs and electronics, enabling sustainable resource recovery and supporting circular economy goals."
NCMA Battery,Chemistry,"NCMA battery is a lithium-ion chemistry using nickel, cobalt, manganese, and aluminum. It offers high energy density, thermal stability, and longer cycle life compared to traditional NMC batteries. Advantages include improved cost efficiency and resource availability due to aluminum substitution. Applications span electric vehicles, consumer electronics, and energy storage systems, leveraging its balance of performance and scalability."
Ultium Platform,Platform,"The Ultium Platform is a modular battery system developed by Chevrolet for electric vehicles. It uses advanced lithium-ion cells and integrates energy management, thermal control, and charging systems. Advantages include scalability, longer range, and faster charging. Applications span passenger cars, trucks, and commercial vehicles,"
Kirin Battery,Platform,"Kirin Battery is a platform technology integrating advanced battery management systems, energy storage solutions, and smart control algorithms. It optimizes energy efficiency, enhances safety,"
Unified Cell,Form Factor,"Unified Cell is a battery form factor integrating energy storage with power electronics in a single compact unit. It reduces size and weight while enhancing efficiency by minimizing internal losses. Advantages include simplified design, improved thermal management, and higher energy density. Applications span electric vehicles, drones, and portable electronics, where space and weight constraints are critical. It enables more efficient power delivery and system integration."
Solid Electrolyte,Material,"Solid electrolyte is a material that conducts ions without using liquid, enabling safer and more efficient batteries. Advantages include enhanced safety (no leakage, fire risk), higher energy density, and compatibility with advanced chemistries like lithium metal. Applications span electric vehicles, portable electronics, and grid storage, supporting next-gen solid-state batteries with longer lifespans and faster charging."
Graphite Anode,Material,"Graphite anode is a carbon-based material used in lithium-ion batteries. It offers high theoretical capacity, good electrical conductivity, and structural stability. Its low cost and abundance make it widely adopted. Applications include consumer electronics, electric vehicles, and grid-scale energy storage. It serves as the primary negative electrode, enabling reversible lithium-ion intercalation, ensuring long"
CNT Conductive Agent,Material,"CNT Conductive Agent is a material composed of carbon nanotubes, used to enhance electrical conductivity in composite materials. Advantages include high conductivity, mechanical strength, flexibility, and lightweight properties. Applications span batteries, sensors, flexible electronics, and electromagnetic shielding, offering improved performance and durability compared to traditional conductive agents."
Binder,Material,"Binder is a material used in batteries to bind active particles to conductive additives, ensuring structural integrity. Advantages include enhancing electrode stability, conductivity, and cycle life. Common types include polyvinylidene fluoride (PVDF) and carboxymethyl cellulose (CMC). Applications span lithium-ion, sodium-ion, and other rechargeable batteries, supporting efficient ion transport and long-term performance in energy storage systems."
Separator,Material,"A separator is a porous material in batteries that physically isolates the anode and cathode, preventing direct contact while allowing ion flow. Advantages include enhancing safety by avoiding short circuits, improving thermal stability, and enabling efficient charge/discharge cycles. Applications span lithium-ion, lead-acid, and flow batteries, critical for consumer electronics, electric vehicles, and energy storage systems. Its role ensures reliable operation and longevity in diverse energy applications."
Foil,Material,"Foil is a thin, conductive metal layer (e.g., aluminum or copper) used in batteries as a current collector. Its advantages include high electrical conductivity, lightweight, and mechanical strength, enabling efficient electron transfer and compact designs. Applications include lithium-ion batteries, where foils collect electrons from electrode materials, enhancing performance and energy density. Foils are critical in electric vehicles, portable electronics, and energy storage systems, offering durability and reliability in demanding environments."
Module,Hardware,"A battery module is a hardware assembly of interconnected battery cells designed to deliver higher voltage and capacity. Advantages include enhanced energy density, improved safety through integrated management systems, and scalable design for various applications. It offers efficient power delivery, reduced weight, and extended lifespan. Applications span electric vehicles, renewable energy storage, portable electronics, and industrial equipment, enabling reliable energy storage and distribution in diverse environments."
Pack,Hardware,"A battery pack is a hardware assembly of interconnected battery cells housed in a protective casing. It provides higher energy capacity, reliability, and efficient power delivery compared to individual cells. Advantages include extended runtime, safety features like thermal management, and scalability. Applications span electric vehicles, renewable energy storage, portable electronics, and industrial equipment, offering sustainable and high-performance energy solutions."
Over-the-Air (OTA),Software,"Over-the-Air (OTA) is a wireless software update method that delivers updates to devices remotely. Advantages include reduced downtime, cost efficiency, and scalability, enabling seamless patches and feature enhancements. Applications span smartphones, electric vehicles, IoT devices, and industrial systems. OTA ensures timely updates without physical access, enhancing security and user experience while minimizing logistical challenges."
Autonomous Driving,Software,"Autonomous Driving is software-enabled vehicle technology that enables cars to operate without human input, using sensors, AI, and real-time data processing. It enhances safety by reducing human error, improves traffic efficiency, and offers accessibility for disabled individuals. Applications include ride-sharing, delivery services, and personal transportation. Key systems like Tesla's Autopilot and Waymo leverage this tech to navigate complex environments, optimize routes, and adapt to road conditions, transforming mobility and reducing accidents."
Charging Station,Infrastructure,"A charging station is an infrastructure facility enabling electric vehicles to recharge their batteries. Advantages include reducing fossil fuel dependence, supporting renewable energy integration, and lowering emissions. Applications span public parking, highways, and residential areas, facilitating widespread EV adoption. They enhance mobility while promoting sustainable transportation networks."
V2G (Vehicle to Grid),Service,"V2G (Vehicle to Grid) is a service allowing electric vehicles to send stored energy back to the power grid. It enables bidirectional charging, turning EVs into mobile energy storage. Advantages include lower energy costs, grid stability, and renewable energy integration. Applications involve peak load management, grid support during outages, and home energy optimization. It enhances grid resilience and supports sustainable energy systems."
ESS (Energy Storage System),Product,"ESS, or Energy Storage System, is a product that stores electrical energy for later use, enabling grid stability and renewable integration. It uses technologies like lithium-ion, flow batteries, or pumped hydro. Advantages include reliability, efficiency, scalability, and reduced fossil fuel dependency. Applications span renewable energy smoothing, peak shaving, backup power, and grid frequency regulation. ESS supports smart grids, industrial load management, and residential energy"
Carbon Footprint Tracking,Service,"Carbon Footprint Tracking is a service that monitors and quantifies greenhouse gas emissions throughout a battery's lifecycle, from raw material extraction to disposal. It uses data analytics and IoT sensors to provide real-time insights. Advantages include aiding compliance with environmental regulations, optimizing resource use, and enhancing corporate sustainability reporting. Applications span electric vehicles, energy storage systems, and industrial battery manufacturing, supporting decarbonization efforts and transparent supply"
Digital Twin,Software,"Digital Twin is a virtual representation of a physical system, updated in real-time using data from sensors and simulations. It enables predictive analytics, fault detection, and optimization. Advantages include enhanced decision-making, reduced downtime, and cost savings. Applications span manufacturing, smart cities, healthcare, and energy systems, offering insights for efficient operation and innovation."
Smart Factory,Process,"Smart Factory is an advanced manufacturing system integrating IoT, AI, and automation to optimize production processes. It enables real-time monitoring, predictive maintenance, and data-driven decision-making. Advantages include enhanced efficiency, reduced downtime, lower costs, and improved quality control. Applications span automotive, electronics, pharmaceuticals, and energy sectors, supporting scalable, sustainable, and agile manufacturing operations."
AI-based Material Discovery,Software,"AI-based Material Discovery is software that leverages machine learning to predict and design new materials with desired properties by analyzing vast datasets. It accelerates research by identifying optimal material compositions and structures, reducing reliance on trial-and-error experiments. Advantages include faster development cycles, cost reduction, and enhanced innovation. Applications span energy storage (e.g., batteries), catalysts, semiconductors, and advanced composites, enabling breakthroughs in renewable energy, electronics, and sustainable technologies."
Swap Station,Service,"A Swap Station is a service that allows users to exchange depleted batteries for fully charged ones quickly. It eliminates long charging times, reduces vehicle downtime, and lowers ownership costs. Advantages include fast refueling"
Bi-polar Stack,Process,"Bi-polar Stack is a battery design where positive and negative electrodes are adjacent, enabling electron flow through the electrolyte. This reduces internal resistance and improves energy efficiency. The process involves precise layering of electrodes and electrolyte to maximize conductivity. Advantages include higher energy density, compact size, and reduced heat generation. Applications span electric vehicles, portable electronics, and grid storage, offering efficient power delivery in space-constrained systems."
Semi-Solid Battery,NextGen,"Semi-solid batteries use a semi-solid electrolyte between solid electrodes, offering higher energy density and improved safety compared to traditional lithium-ion batteries. They provide better thermal stability and longer lifespan. Applications include electric vehicles, renewable energy storage, and portable electronics. This technology enables lighter, more efficient energy storage systems, advancing next-generation electric mobility and"
Manganese-rich Cathode,Material,"Manganese-rich cathode is a lithium-ion battery material with a layered structure dominated by manganese, enhancing energy density and thermal stability. It offers lower cost and improved safety compared to cobalt-based cathodes. Advantages include higher capacity, extended cycle life, and reduced reliance on critical materials. Applications span electric vehicles, portable electronics, and grid storage, where high performance and cost-efficiency are crucial. It is a key material for sustainable energy storage solutions."
Cobalt-free Battery,Chemistry,"Cobalt-free batteries are lithium-ion batteries that replace cobalt in the cathode with alternative materials like nickel, manganese, or iron. They reduce reliance on cobalt, lowering costs and improving sustainability. Advantages include enhanced safety, ethical sourcing, and reduced environmental impact from mining. Applications span electric vehicles, consumer electronics, and grid storage, offering a viable path for scalable, eco-friendly energy solutions."
Fast Charging,Feature,"Fast Charging is a technology that accelerates battery charging by delivering higher voltage or current. It reduces charging time significantly, enhancing user convenience. Advantages include time savings, reduced dependency on frequent charging, and support for high-power devices. Applications span smartphones, laptops, and electric vehicles. It enables efficient power delivery, crucial for modern devices with high energy demands. However, it requires advanced battery management to prevent"
Long Cycle Life,Feature,"Long Cycle Life refers to a battery's ability to withstand numerous charge-discharge cycles while maintaining high capacity. Advantages include extended lifespan, reduced replacement costs, and enhanced sustainability. Applications span electric vehicles, renewable energy storage, and portable electronics. This feature ensures reliable performance over time, making it critical for industries requiring durable, long-term energy solutions."
Cold Weather Performance,Feature,"Cold Weather Performance refers to a battery's ability to maintain efficiency and capacity in low-temperature environments. Advantages include sustained power output, reduced capacity loss, and reliable operation in freezing conditions. Applications span electric vehicles, renewable energy storage, and portable electronics, ensuring functionality in harsh climates. This feature is critical for industries reliant on consistent energy delivery in cold regions."
Safety,Feature,"Safety in battery technology refers to design features preventing failures like thermal runaway, short circuits, or overcharging. Advantages include enhanced reliability, prolonged lifespan, and compliance with safety standards. Applications span electric vehicles, consumer electronics, and energy storage systems. Key technologies include thermal management systems, overcharge protection, and robust casing. These features ensure stable operation under extreme conditions, reducing risks of fire or explosion while maintaining performance."
